,Date,Density,AVG_COEF,Modularity,AD_Pv,AD_Sv,AD_Cv,B_Sv,B_Cv
0,2020-01-30,0.09722222222222222,0.6481481481481483,0.16666666666666674,0.06666666666666667,0.125,0.1,1.5333333333333334,0.9
1,2020-01-31,0.09722222222222222,0.6481481481481483,0.16666666666666674,0.06666666666666667,0.125,0.1,1.5333333333333334,0.9
2,2020-02-01,0.09722222222222222,0.6481481481481483,0.16666666666666674,0.06666666666666667,0.125,0.1,1.5333333333333334,0.9
3,2020-02-02,0.08181818181818182,0.5454545454545454,0.14141414141414127,0.045454545454545456,0.1,0.06666666666666667,1.5263157894736843,0.7333333333333333
4,2020-02-03,0.07777777777777778,0.23333333333333334,0.1349206349206349,0.05454545454545454,0.1111111111111111,0.08,1.5294117647058822,0.8
5,2020-02-04,0.11904761904761904,0.05952380952380953,0.18571428571428578,0.10714285714285714,0.16666666666666666,0.16666666666666666,1.5454545454545454,1.1666666666666667
6,2020-02-05,0.11904761904761904,0.05952380952380953,0.18571428571428578,0.10714285714285714,0.16666666666666666,0.16666666666666666,1.5454545454545454,1.1666666666666667
7,2020-02-06,0.13333333333333333,0.1111111111111111,0.20833333333333334,0.14285714285714285,0.2,0.2222222222222222,1.5555555555555556,1.3333333333333333
8,2020-02-07,0.13333333333333333,0.1111111111111111,0.20833333333333334,0.14285714285714285,0.2,0.2222222222222222,1.5555555555555556,1.3333333333333333
9,2020-02-08,0.13333333333333333,0.1111111111111111,0.20833333333333334,0.14285714285714285,0.2,0.2222222222222222,1.5555555555555556,1.3333333333333333
10,2020-02-09,0.3333333333333333,0.3333333333333333,0.4166666666666667,0.5,0.5,1.0,1.6666666666666667,3.0
11,2020-02-10,0.0,0.0,0.5,1.0,1.0,2.0,2.0,4.0
12,2020-02-11,0.0,0.0,0.0,0.0,0.0,0.0,0.0,0.0
13,2020-02-12,0.0,0.0,0.0,0.0,0.0,0.0,0.0,0.0
14,2020-02-13,0.3333333333333333,0.3333333333333333,0.4166666666666667,0.5,0.5,1.0,1.6666666666666667,3.0
15,2020-02-14,0.3333333333333333,0.3333333333333333,0.4166666666666667,0.5,0.5,1.0,1.6666666666666667,3.0
16,2020-02-15,0.3333333333333333,0.3333333333333333,0.4166666666666667,0.5,0.5,1.0,1.6666666666666667,3.0
17,2020-02-16,0.13333333333333333,0.6666666666666666,0.21666666666666667,0.14285714285714285,0.2,0.2222222222222222,1.5555555555555556,1.3333333333333333
18,2020-02-17,0.06818181818181818,2.25,0.12373737373737359,0.038461538461538464,0.09090909090909091,0.05555555555555555,1.5238095238095237,0.6666666666666666
19,2020-02-18,0.05238095238095238,2.566666666666667,0.09696969696969696,0.025,0.07142857142857142,0.03571428571428571,1.5185185185185186,0.5357142857142857
20,2020-02-19,0.039473684210526314,2.6875,0.07403508771929815,0.014285714285714285,0.05263157894736842,0.02,1.5135135135135136,0.4
21,2020-02-20,0.030797101449275364,1.5347222222222223,0.05807757885762986,0.01,0.043478260869565216,0.013888888888888888,1.511111111111111,0.3333333333333333
22,2020-02-21,0.027777777777777776,1.6624999999999999,0.052595112118921865,0.007389162561576354,0.037037037037037035,0.01020408163265306,1.509433962264151,0.2857142857142857
23,2020-02-22,0.017113783533765033,2.1705167173252278,0.032914968622646604,0.0026595744680851063,0.021739130434782608,0.0036231884057971015,1.5054945054945055,0.17028985507246377
24,2020-02-23,0.015151515151515152,1.3984061393152303,0.028866442199776472,0.001948051948051948,0.018518518518518517,0.0026455026455026454,1.5046728971962617,0.1455026455026455
25,2020-02-24,0.013568868407578085,0.4152725140820379,0.02584316339642167,0.001488095238095238,0.016129032258064516,0.0020161290322580645,1.5040650406504066,0.12701612903225806
26,2020-02-25,0.01187122736418511,0.8929708788863718,0.022801214064043365,0.0011737089201877935,0.014285714285714285,0.0015873015873015873,1.5035971223021583,0.1126984126984127
27,2020-02-26,0.01141552511415525,1.2775603392041748,0.022012937595129012,0.0011106997408367272,0.013888888888888888,0.0015015015015015015,1.5034965034965035,0.10960960960960961
28,2020-02-27,0.01087719298245614,1.2278632186526923,0.021027164685908054,0.0010252904989747095,0.013333333333333334,0.0013850415512465374,1.5033557046979866,0.10526315789473684
29,2020-02-28,0.010656010656010656,1.7716414639491562,0.020549762737262736,0.0009737098344693282,0.012987012987012988,0.0013149243918474688,1.5032679738562091,0.10256410256410256
30,2020-02-29,0.012956107879428873,1.4435931899641576,0.02496249689722486,0.0015360983102918587,0.01639344262295082,0.002081165452653486,1.5041322314049588,0.12903225806451613
31,2020-03-01,0.013309134906231096,1.3146141215106733,0.025587086839354265,0.0017533606078316774,0.017543859649122806,0.0023781212841854932,1.5044247787610618,0.13793103448275862
32,2020-03-02,0.017718715393133997,0.5664082687338501,0.03360326688815061,0.003171247357293869,0.023809523809523808,0.004329004329004329,1.5060240963855422,0.18614718614718614
33,2020-03-03,0.020917678812415654,1.1560337810337808,0.039615166949631915,0.0038461538461538464,0.02631578947368421,0.005263157894736842,1.5066666666666666,0.20526315789473684
34,2020-03-04,0.01916376306620209,1.795294784580499,0.03635659733220759,0.0033222591362126247,0.024390243902439025,0.0045351473922902496,1.5061728395061729,0.19047619047619047
35,2020-03-05,0.017113783533765033,1.465130023640662,0.032639947996099976,0.0026595744680851063,0.021739130434782608,0.0036231884057971015,1.5054945054945055,0.17028985507246377
36,2020-03-06,0.012890094979647219,1.3424129353233833,0.02447094670189745,0.0013169446883230904,0.015151515151515152,0.0017825311942959,1.5038167938931297,0.11942959001782531
37,2020-03-07,0.008204633204633204,2.6540773809523808,0.01518298760945664,0.0004740834386852086,0.009009009009009009,0.0006377551020408163,1.502262443438914,0.07142857142857142
38,2020-03-08,0.007474429583005508,2.9571409834124203,0.013910168813059443,0.0003870967741935484,0.008130081300813009,0.0005202913631633715,1.5020408163265306,0.06451612903225806
39,2020-03-09,0.006909894969596462,3.7787146027218785,0.012962741846326491,0.000326797385620915,0.007462686567164179,0.0004389815627743635,1.5018726591760299,0.05926251097453907
40,2020-03-10,0.0067174441976092245,2.564959556432291,0.012609003849129328,0.00031279324366593683,0.0072992700729927005,0.0004200798151648813,1.5018315018315018,0.057971014492753624
41,2020-03-11,0.006869901245169601,2.9900737690849244,0.012858003032417346,0.00031735956839098697,0.007352941176470588,0.00042625745950554135,1.5018450184501846,0.05839727195225917
42,2020-03-12,0.007063112326270221,2.20689494267023,0.013207505567435841,0.0003366625519021434,0.007575757575757576,0.0004522840343735866,1.5019011406844107,0.060153776571687016
43,2020-03-13,0.007644628099173554,2.0925236653991597,0.014509964509966533,0.0004064489906516732,0.008333333333333333,0.000546448087431694,1.502092050209205,0.06612021857923497
44,2020-03-14,0.011790840738209159,1.6654052116714455,0.022514289676760734,0.000999000999000999,0.013157894736842105,0.001349527665317139,1.5033112582781456,0.1039136302294197
45,2020-03-15,0.01267605633802817,1.6551856594110115,0.02423110089106012,0.0011737089201877935,0.014285714285714285,0.0015873015873015873,1.5035971223021583,0.1126984126984127
46,2020-03-16,0.012252252252252252,2.253373737373738,0.023449920508744095,0.0010526315789473684,0.013513513513513514,0.001422475106685633,1.5034013605442176,0.10668563300142248
47,2020-03-17,0.010900745840504877,1.6928447742733455,0.020761617900171902,0.0008403361344537816,0.012048192771084338,0.0011337868480725624,1.503030303030303,0.09523809523809523
48,2020-03-18,0.010900745840504877,2.3500794619842234,0.020725760183590944,0.0008403361344537816,0.012048192771084338,0.0011337868480725624,1.503030303030303,0.09523809523809523
49,2020-03-19,0.010900745840504877,2.3850157687596107,0.020608750792643713,0.0008403361344537816,0.012048192771084338,0.0011337868480725624,1.503030303030303,0.09523809523809523
50,2020-03-20,0.01161995898838004,2.6712135267330073,0.02158387278356378,0.000999000999000999,0.013157894736842105,0.001349527665317139,1.5033112582781456,0.1039136302294197
51,2020-03-21,0.01018808777429467,3.5671266233766232,0.018830546847789065,0.0007660878447395301,0.011494252873563218,0.0010330578512396695,1.5028901734104045,0.09090909090909091
52,2020-03-22,0.009768009768009768,3.6843791129505417,0.01782814407814324,0.000716674629718108,0.011111111111111112,0.000966183574879227,1.5027932960893855,0.08792270531400966
53,2020-03-23,0.009831460674157303,3.7494315141787053,0.017548717880689256,0.000749063670411985,0.011363636363636364,0.00101010101010101,1.502857142857143,0.0898989898989899
54,2020-03-24,0.010024057738572574,2.0405679513184585,0.017597790252161263,0.0007836990595611285,0.011627906976744186,0.0010570824524312897,1.5029239766081872,0.0919661733615222
55,2020-03-25,0.008811881188118811,1.475555527525254,0.015340972299476823,0.0005824111822947001,0.01,0.000784313725490196,1.5025125628140703,0.0792156862745098
56,2020-03-26,0.007871064467766116,1.6618366080348765,0.013884486328266117,0.0004420866489832007,0.008695652173913044,0.0005945303210463733,1.502183406113537,0.06896551724137931
57,2020-03-27,0.006987668819729889,2.12088928970271,0.012450100415972004,0.00034698126301179735,0.007692307692307693,0.0004662004662004662,1.501930501930502,0.061072261072261075
58,2020-03-28,0.006923572348647488,2.245117043359795,0.012351842791096043,0.00031735956839098697,0.007352941176470588,0.00042625745950554135,1.5018450184501846,0.05839727195225917
59,2020-03-29,0.006592747977225052,2.061495394268354,0.011738224316884293,0.00029547916871860535,0.0070921985815602835,0.00039674667724657806,1.501779359430605,0.056338028169014086
60,2020-03-30,0.006471421823334908,3.0193054019276166,0.011510573080622102,0.0002795638803466592,0.006896551724137931,0.0003753049352598987,1.5017301038062283,0.0547945205479452
61,2020-03-31,0.00618682467758801,3.5510695434597817,0.011048471028328007,0.00025799793601651185,0.006622516556291391,0.00034626038781163435,1.5016611295681064,0.05263157894736842
62,2020-04-01,0.006056117113976995,5.152972119653802,0.010883520440528002,0.00025799793601651185,0.006622516556291391,0.00034626038781163435,1.5016611295681064,0.05263157894736842
63,2020-04-02,0.0065775950668037,4.696144335545277,0.011691450411099692,0.00030395136778115504,0.007194244604316547,0.00040816326530612246,1.5018050541516246,0.05714285714285714
64,2020-04-03,0.0069767441860465115,5.00332422324511,0.01224459632330468,0.00035231943628890195,0.007751937984496124,0.00047337278106508875,1.5019455252918288,0.06153846153846154
65,2020-04-04,0.007721139430284857,3.3299103159607415,0.01342920772623602,0.0004420866489832007,0.008695652173913044,0.0005945303210463733,1.502183406113537,0.06896551724137931
66,2020-04-05,0.007882882882882882,2.864775387767047,0.013786016337035602,0.0004740834386852086,0.009009009009009009,0.0006377551020408163,1.502262443438914,0.07142857142857142
67,2020-04-06,0.00902061855670103,2.7580032555615843,0.015846168793976784,0.0006311803071744162,0.010416666666666666,0.0008503401360544217,1.5026178010471205,0.0824829931972789
68,2020-04-07,0.010873093151574165,1.3715253803861398,0.01912782727065873,0.0009493670886075949,0.01282051282051282,0.001282051282051282,1.5032258064516129,0.10128205128205128
69,2020-04-08,0.015664160401002505,1.4920098821027614,0.027368421052631157,0.0018148820326678765,0.017857142857142856,0.0024630541871921183,1.5045045045045045,0.14039408866995073
70,2020-04-09,0.01642208245981831,0.9872971425726802,0.02867359531349876,0.00202020202020202,0.018867924528301886,0.0027434842249657062,1.5047619047619047,0.14814814814814814
71,2020-04-10,0.017857142857142856,1.0011337868480725,0.0313208616780041,0.0024489795918367346,0.020833333333333332,0.0033333333333333335,1.5052631578947369,0.16333333333333333
72,2020-04-11,0.017874396135265702,0.9397463768115941,0.03128345737041304,0.0027752081406105457,0.022222222222222223,0.003780718336483932,1.5056179775280898,0.17391304347826086
73,2020-04-12,0.0226890756302521,0.1310924369747899,0.03968253968254017,0.004761904761904762,0.029411764705882353,0.006535947712418301,1.507462686567164,0.22875816993464052
74,2020-04-13,0.025806451612903226,0.132258064516129,0.04502688172042972,0.006048387096774193,0.03333333333333333,0.008333333333333333,1.5084745762711864,0.25833333333333336
75,2020-04-14,0.026436781609195402,0.38652777777777775,0.04567716141928998,0.0064516129032258064,0.034482758620689655,0.008888888888888889,1.5087719298245614,0.26666666666666666
76,2020-04-15,0.0291005291005291,0.002888655462184874,0.04870129870129931,0.007389162561576354,0.037037037037037035,0.01020408163265306,1.509433962264151,0.2857142857142857
77,2020-04-16,0.039473684210526314,0.006818181818181818,0.06666666666666657,0.014285714285714285,0.05263157894736842,0.02,1.5135135135135136,0.4
78,2020-04-17,0.04779411764705882,0.00849673202614379,0.07918552036199085,0.0196078431372549,0.0625,0.027777777777777776,1.5161290322580645,0.4722222222222222
79,2020-04-18,0.0641025641025641,0.013736263736263736,0.1038461538461537,0.03296703296703297,0.08333333333333333,0.047619047619047616,1.5217391304347827,0.6190476190476191
80,2020-04-19,0.06818181818181818,0.017857142857142856,0.11111111111111102,0.038461538461538464,0.09090909090909091,0.05555555555555555,1.5238095238095237,0.6666666666666666
81,2020-04-20,0.09722222222222222,0.025925925925925925,0.15079365079365067,0.06666666666666667,0.125,0.1,1.5333333333333334,0.9
82,2020-04-21,0.10714285714285714,0.0375,0.16666666666666666,0.08333333333333333,0.14285714285714285,0.125,1.5384615384615385,1.0
83,2020-04-22,0.11904761904761904,0.05952380952380953,0.18571428571428572,0.10714285714285714,0.16666666666666666,0.16666666666666666,1.5454545454545454,1.1666666666666667
84,2020-04-23,0.2,0.06666666666666667,0.275,0.2,0.25,0.3333333333333333,1.5714285714285714,1.6666666666666667
85,2020-04-24,0.125,0.020833333333333332,0.17857142857142846,0.08333333333333333,0.14285714285714285,0.125,1.5384615384615385,1.0
86,2020-04-25,0.16666666666666666,0.041666666666666664,0.2333333333333334,0.14285714285714285,0.2,0.2222222222222222,1.5555555555555556,1.3333333333333333
87,2020-04-26,0.16666666666666666,0.041666666666666664,0.2333333333333334,0.14285714285714285,0.2,0.2222222222222222,1.5555555555555556,1.3333333333333333
88,2020-04-27,0.14285714285714285,0.028571428571428574,0.2023809523809524,0.10714285714285714,0.16666666666666666,0.16666666666666666,1.5454545454545454,1.1666666666666667
89,2020-04-28,0.14285714285714285,0.028571428571428574,0.2023809523809524,0.10714285714285714,0.16666666666666666,0.16666666666666666,1.5454545454545454,1.1666666666666667
90,2020-04-29,0.1111111111111111,0.015873015873015872,0.1597222222222222,0.06666666666666667,0.125,0.1,1.5333333333333334,0.9
91,2020-04-30,0.1111111111111111,0.015873015873015872,0.1597222222222222,0.06666666666666667,0.125,0.1,1.5333333333333334,0.9
92,2020-05-01,0.2,0.06666666666666667,0.275,0.2,0.25,0.3333333333333333,1.5714285714285714,1.6666666666666667
93,2020-05-02,0.2,0.06666666666666667,0.275,0.2,0.25,0.3333333333333333,1.5714285714285714,1.6666666666666667
94,2020-05-03,0.2,0.06666666666666667,0.275,0.2,0.25,0.3333333333333333,1.5714285714285714,1.6666666666666667
95,2020-05-04,0.25,0.125,0.3333333333333333,0.3,0.3333333333333333,0.5,1.6,2.0
96,2020-05-05,0.05514705882352941,0.44683257918552033,0.08725490196078424,0.0196078431372549,0.0625,0.027777777777777776,1.5161290322580645,0.4722222222222222
97,2020-05-06,0.029356060606060608,0.4708538587848933,0.04533235581622631,0.0053475935828877,0.03125,0.007352941176470588,1.507936507936508,0.2426470588235294
98,2020-05-07,0.018505079825834544,0.4815412013862148,0.02827342838441623,0.0020964360587002098,0.019230769230769232,0.002849002849002849,1.5048543689320388,0.150997150997151
99,2020-05-08,0.01514423076923077,0.48488020176544766,0.02306166056165908,0.0013986013986013986,0.015625,0.001893939393939394,1.5039370078740157,0.12310606060606061
100,2020-05-09,0.013508371385083713,0.4865086594494855,0.02053722640255647,0.0011106997408367272,0.013888888888888888,0.0015015015015015015,1.5034965034965035,0.10960960960960961
101,2020-05-10,0.012654012654012654,0.162578542715529,0.01937755227228585,0.0009737098344693282,0.012987012987012988,0.0013149243918474688,1.5032679738562091,0.10256410256410256
102,2020-05-11,0.010986267166042446,0.1630999066293184,0.016778742480990514,0.0007326007326007326,0.011235955056179775,0.0009876543209876543,1.502824858757062,0.08888888888888889
103,2020-05-12,0.01161790017211704,0.16087906454447806,0.017905838521632987,0.0008403361344537816,0.012048192771084338,0.0011337868480725624,1.503030303030303,0.09523809523809523
104,2020-05-13,0.013871635610766046,0.47880881519274376,0.021303420784279093,0.0012072434607645875,0.014492753623188406,0.0016326530612244899,1.5036496350364963,0.11428571428571428
105,2020-05-14,0.018823529411764704,0.15736019566388923,0.029501633986927935,0.0022624434389140274,0.02,0.003076923076923077,1.505050505050505,0.15692307692307692
106,2020-05-15,0.019060283687943262,0.1499781031031031,0.030780966518225376,0.002551020408163265,0.02127659574468085,0.003472222222222222,1.5053763440860215,0.16666666666666666
107,2020-05-16,0.01870748299319728,0.09717546004576945,0.032235621521334856,0.0024489795918367346,0.020833333333333332,0.0033333333333333335,1.5052631578947369,0.16333333333333333
108,2020-05-17,0.018282312925170068,0.06593240470791491,0.03209539629805387,0.0024489795918367346,0.020833333333333332,0.0033333333333333335,1.5052631578947369,0.16333333333333333
109,2020-05-18,0.021794871794871794,0.0604563492063492,0.03934766214178053,0.003658536585365854,0.02564102564102564,0.005,1.5064935064935066,0.2
110,2020-05-19,0.024603174603174603,0.040611009361009365,0.04482846902201711,0.0045045045045045045,0.02857142857142857,0.006172839506172839,1.5072463768115942,0.2222222222222222
111,2020-05-20,0.023470839260312945,0.47172016579911313,0.04301909565067498,0.004048582995951417,0.02702702702702703,0.00554016620498615,1.5068493150684932,0.21052631578947367
112,2020-05-21,0.019696969696969695,0.4717251461988304,0.035780885780886174,0.002898550724637681,0.022727272727272728,0.003952569169960474,1.5057471264367817,0.17786561264822134
113,2020-05-22,0.01932367149758454,0.9129163488431223,0.0352294685990342,0.0027752081406105457,0.022222222222222223,0.003780718336483932,1.5056179775280898,0.17391304347826086
114,2020-05-23,0.014611338398597311,0.8910377130716115,0.02670952659263523,0.001694915254237288,0.017241379310344827,0.0022988505747126436,1.5043478260869565,0.135632183908046
115,2020-05-24,0.011234177215189873,1.3872105911330048,0.021001961133892372,0.000925925925925926,0.012658227848101266,0.00125,1.5031847133757963,0.1
116,2020-05-25,0.009152114454029034,1.5149135594087257,0.017357458447298708,0.0006184291898577613,0.010309278350515464,0.0008329862557267805,1.5025906735751295,0.08163265306122448
117,2020-05-26,0.00868185212845407,1.163377151432959,0.01655966176009849,0.0005494505494505495,0.009708737864077669,0.0007396449704142012,1.502439024390244,0.07692307692307693
118,2020-05-27,0.00885208452312964,1.1784996242047852,0.016954981178187865,0.0005601194921583271,0.00980392156862745,0.0007541478129713424,1.5024630541871922,0.07767722473604827
119,2020-05-28,0.009152114454029034,0.7123177842565597,0.017594453351908252,0.0006184291898577613,0.010309278350515464,0.0008329862557267805,1.5025906735751295,0.08163265306122448
120,2020-05-29,0.008516483516483516,0.9071399006173443,0.016477608413090563,0.0005390835579514825,0.009615384615384616,0.000725689404934688,1.502415458937198,0.07619738751814223
121,2020-05-30,0.007985049269452938,0.8598091256348136,0.01551463624467698,0.000500417014178482,0.009259259259259259,0.0006734006734006734,1.5023255813953489,0.0734006734006734
122,2020-05-31,0.008731327582579423,1.5621899300845883,0.01696075275222664,0.0006184291898577613,0.010309278350515464,0.0008329862557267805,1.5025906735751295,0.08163265306122448
123,2020-06-01,0.008662280701754385,0.8946382884294067,0.016704141683323848,0.0006443298969072165,0.010526315789473684,0.0008680555555555555,1.5026455026455026,0.08333333333333333
124,2020-06-02,0.007802445302445302,1.907093197951117,0.014997047857873994,0.0004740834386852086,0.009009009009009009,0.0006377551020408163,1.502262443438914,0.07142857142857142
125,2020-06-03,0.006633499170812604,0.8687484142454902,0.012748756218903796,0.000326797385620915,0.007462686567164179,0.0004389815627743635,1.5018726591760299,0.05926251097453907
126,2020-06-04,0.006076546345002721,0.9058637440738534,0.011655286960802657,0.00026845637583892615,0.006756756756756757,0.00036036036036036037,1.5016949152542374,0.05369369369369369
127,2020-06-05,0.0060125479261066575,0.9597619624938375,0.011477955253813548,0.00025799793601651185,0.006622516556291391,0.00034626038781163435,1.5016611295681064,0.05263157894736842
128,2020-06-06,0.00641025641025641,0.43588615636313005,0.012096857267308941,0.00028735632183908046,0.006993006993006993,0.00038580246913580245,1.5017543859649123,0.05555555555555555
129,2020-06-07,0.006212588427353528,1.513708855960136,0.011633087552843946,0.00026845637583892615,0.006756756756756757,0.00036036036036036037,1.5016949152542374,0.05369369369369369
130,2020-06-08,0.005851444948650585,1.4527828577114092,0.010895131080056339,0.0002358490566037736,0.006329113924050633,0.00031645569620253165,1.5015873015873016,0.05031645569620253
131,2020-06-09,0.005751092707614446,1.4264559897878106,0.010817166372719452,0.00022722108611679165,0.006211180124223602,0.00030483158055174517,1.5015576323987538,0.04938271604938271
132,2020-06-10,0.006549788239929085,1.326025306111513,0.01221424979764706,0.0002913752913752914,0.007042253521126761,0.0003912363067292645,1.5017667844522968,0.05594679186228482
133,2020-06-11,0.006909894969596462,1.6031611076115722,0.012834494195691867,0.000326797385620915,0.007462686567164179,0.0004389815627743635,1.5018726591760299,0.05926251097453907
134,2020-06-12,0.0072588582677165355,0.7437796359961082,0.013525644768454886,0.0003633720930232558,0.007874015748031496,0.00048828125,1.5019762845849802,0.0625
135,2020-06-13,0.006928948913681738,0.9869804046712229,0.013001980552767339,0.00034698126301179735,0.007692307692307693,0.0004662004662004662,1.501930501930502,0.061072261072261075
136,2020-06-14,0.006505871152015234,0.9582028989677137,0.012338320780857127,0.00031279324366593683,0.0072992700729927005,0.0004200798151648813,1.5018315018315018,0.057971014492753624
137,2020-06-15,0.0069171138938580795,1.5629938802980663,0.013172125922728449,0.00035231943628890195,0.007751937984496124,0.00047337278106508875,1.5019455252918288,0.06153846153846154
138,2020-06-16,0.007142857142857143,0.6997092368602666,0.013735788433018016,0.00041322314049586776,0.008403361344537815,0.0005555555555555556,1.5021097046413503,0.06666666666666667
139,2020-06-17,0.007112857336404281,0.9700047120189358,0.013713459913163514,0.00039984006397441024,0.008264462809917356,0.0005374899220639613,1.5020746887966805,0.06557377049180328
140,2020-06-18,0.007063841130214581,0.9047138174656733,0.01361216519681575,0.0003933910306845004,0.00819672131147541,0.0005288207297726071,1.5020576131687242,0.06504494976203067
141,2020-06-19,0.007294429708222812,1.0146978021978021,0.014051508304382123,0.000434593654932638,0.008620689655172414,0.0005844535359438924,1.5021645021645023,0.06838106370543542
142,2020-06-20,0.007374631268436578,1.1876160153056439,0.014182988911493192,0.0004576659038901602,0.008849557522123894,0.0006155740227762388,1.5022222222222221,0.07017543859649122
143,2020-06-21,0.008415737428992216,2.147907647907648,0.016214759099514777,0.0006184291898577613,0.010309278350515464,0.0008329862557267805,1.5025906735751295,0.08163265306122448
144,2020-06-22,0.007821782178217822,2.541768819739117,0.015221205664871984,0.0005824111822947001,0.01,0.000784313725490196,1.5025125628140703,0.0792156862745098
145,2020-06-23,0.008415737428992216,2.8058279588891835,0.01633179044813761,0.0006184291898577613,0.010309278350515464,0.0008329862557267805,1.5025906735751295,0.08163265306122448
146,2020-06-24,0.009036833676504232,1.5678241380369042,0.01740470129652177,0.0006718924972004479,0.010752688172043012,0.0009053870529651426,1.5027027027027027,0.0851063829787234
147,2020-06-25,0.008922443376801648,1.6030943770999275,0.017120414855488583,0.0006718924972004479,0.010752688172043012,0.0009053870529651426,1.5027027027027027,0.0851063829787234
148,2020-06-26,0.008805841924398625,2.034474567217732,0.01691235018020105,0.0006311803071744162,0.010416666666666666,0.0008503401360544217,1.5026178010471205,0.0824829931972789
149,2020-06-27,0.008348794063079777,1.9844805194805195,0.016006627117739456,0.0006060606060606061,0.01020408163265306,0.0008163265306122449,1.5025641025641026,0.08081632653061224
150,2020-06-28,0.00825082508250825,1.7736148714409583,0.015878127605146564,0.0005711022272986865,0.009900990099009901,0.0007689350249903883,1.5024875621890548,0.0784313725490196
151,2020-06-29,0.008846584546472564,1.9259528206481114,0.01706947141622046,0.0006578947368421052,0.010638297872340425,0.0008865248226950354,1.5026737967914439,0.08421985815602837
152,2020-06-30,0.009663865546218488,1.6417296918767508,0.01871270247229269,0.0008207934336525308,0.011904761904761904,0.0011074197120708748,1.5029940119760479,0.09413067552602436
153,2020-07-01,0.009712722298221614,1.7372742567510011,0.01887246873855993,0.0008019246190858059,0.011764705882352941,0.001081665765278529,1.5029585798816567,0.09302325581395349
154,2020-07-02,0.010087323095453177,1.2979641293665685,0.019594889149555678,0.000881575080811049,0.012345679012345678,0.001189767995240928,1.5031055900621118,0.0975609756097561
155,2020-07-03,0.01087719298245614,1.1881037821827296,0.021092246745896662,0.0010252904989747095,0.013333333333333334,0.0013850415512465374,1.5033557046979866,0.10526315789473684
156,2020-07-04,0.011662347278785635,0.785524948024948,0.02252252252252172,0.001081081081081081,0.0136986301369863,0.0014609203798392988,1.5034482758620689,0.10810810810810811
157,2020-07-05,0.0123614663256607,0.7559059298189732,0.023811623599965432,0.0012422360248447205,0.014705882352941176,0.0016806722689075631,1.5037037037037038,0.11596638655462185
158,2020-07-06,0.013221153846153846,0.4448506621583545,0.0253409090909083,0.0013986013986013986,0.015625,0.001893939393939394,1.5039370078740157,0.12310606060606061
159,2020-07-07,0.012663952962460425,0.2872305140961858,0.024237578342055005,0.0013169446883230904,0.015151515151515152,0.0017825311942959,1.5038167938931297,0.11942959001782531
160,2020-07-08,0.013734658094681473,1.0021336478963598,0.02618849248293248,0.001694915254237288,0.017241379310344827,0.0022988505747126436,1.5043478260869565,0.135632183908046
161,2020-07-09,0.011150234741784037,1.315017736892737,0.02136699338330207,0.001141552511415525,0.014084507042253521,0.0015432098765432098,1.50354609929078,0.1111111111111111
162,2020-07-10,0.010990990990990991,1.4436373256373256,0.021104711268646967,0.0010526315789473684,0.013513513513513514,0.001422475106685633,1.5034013605442176,0.10668563300142248
163,2020-07-11,0.011150234741784037,1.3606468762718764,0.021487109793262824,0.001141552511415525,0.014084507042253521,0.0015432098765432098,1.50354609929078,0.1111111111111111
164,2020-07-12,0.012291483757682178,1.3774715480597832,0.02361093691207727,0.0012787723785166241,0.014925373134328358,0.0017301038062283738,1.5037593984962405,0.11764705882352941
165,2020-07-13,0.012148337595907928,1.7350301872041005,0.023275900749316007,0.0012422360248447205,0.014705882352941176,0.0016806722689075631,1.5037037037037038,0.11596638655462185
166,2020-07-14,0.01282051282051282,0.9247685185185185,0.02440347531256534,0.0013568521031207597,0.015384615384615385,0.0018365472910927456,1.503875968992248,0.12121212121212122
167,2020-07-15,0.0123614663256607,1.4474403024275146,0.02346253343916367,0.0012422360248447205,0.014705882352941176,0.0016806722689075631,1.5037037037037038,0.11596638655462185
168,2020-07-16,0.014026884862653419,0.9039254530779955,0.026519579193452925,0.001694915254237288,0.017241379310344827,0.0022988505747126436,1.5043478260869565,0.135632183908046
169,2020-07-17,0.011796042617960426,0.6916063388666128,0.02264999754504813,0.0011106997408367272,0.013888888888888888,0.0015015015015015015,1.5034965034965035,0.10960960960960961
170,2020-07-18,0.01047045324153758,0.6697714983429269,0.020156948734271398,0.0008403361344537816,0.012048192771084338,0.0011337868480725624,1.503030303030303,0.09523809523809523
171,2020-07-19,0.008999532491818606,1.0227598566308245,0.017428340710249332,0.0006863417982155113,0.010869565217391304,0.0009250693802035153,1.5027322404371584,0.08603145235892692
172,2020-07-20,0.007996406109613656,1.4539347814597536,0.015471900017161434,0.0005290072297654734,0.009523809523809525,0.000711997152011392,1.5023923444976077,0.07547169811320754
173,2020-07-21,0.007698607698607698,1.6653901780836764,0.014881419136737737,0.00048262548262548264,0.00909090909090909,0.0006493506493506494,1.5022831050228311,0.07207792207792207
174,2020-07-22,0.007874697127033576,1.9888950782333137,0.015184538549026655,0.0005096839959225281,0.009345794392523364,0.0006858710562414266,1.5023474178403755,0.07407407407407407
175,2020-07-23,0.0075298866635615585,1.3933967534586729,0.014535586297192694,0.0004576659038901602,0.008849557522123894,0.0006155740227762388,1.5022222222222221,0.07017543859649122
176,2020-07-24,0.008626130864717021,1.7247212521372186,0.01668650864922145,0.0006184291898577613,0.010309278350515464,0.0008329862557267805,1.5025906735751295,0.08163265306122448
177,2020-07-25,0.009035409035409036,1.5608172657623205,0.017493317493318387,0.000716674629718108,0.011111111111111112,0.000966183574879227,1.5027932960893855,0.08792270531400966
178,2020-07-26,0.010185185185185186,0.8199588477366255,0.01966657313879562,0.0009033423667570009,0.0125,0.0012195121951219512,1.5031446540880504,0.09878048780487805
179,2020-07-27,0.011180124223602485,1.4066326530612245,0.02159727014799512,0.0012072434607645875,0.014492753623188406,0.0016326530612244899,1.5036496350364963,0.11428571428571428
180,2020-07-28,0.013611615245009074,0.7527429467084639,0.026060361632050784,0.0017533606078316774,0.017543859649122806,0.0023781212841854932,1.5044247787610618,0.13793103448275862
181,2020-07-29,0.014141414141414142,0.48242424242424237,0.02720057720057658,0.001948051948051948,0.018518518518518517,0.0026455026455026454,1.5046728971962617,0.1455026455026455
182,2020-07-30,0.014901960784313726,0.8308434484905073,0.028586171310629897,0.0022624434389140274,0.02,0.003076923076923077,1.505050505050505,0.15692307692307692
183,2020-07-31,0.013311688311688311,1.2414469954648528,0.02560975609756163,0.0018796992481203006,0.01818181818181818,0.002551020408163265,1.5045871559633028,0.14285714285714285
184,2020-08-01,0.012794612794612794,1.9904761904761905,0.024782916888180406,0.001948051948051948,0.018518518518518517,0.0026455026455026454,1.5046728971962617,0.1455026455026455
185,2020-08-02,0.012021857923497269,2.4238095238095236,0.02318057625434607,0.0015864621893178213,0.016666666666666666,0.002150537634408602,1.504201680672269,0.13118279569892474
186,2020-08-03,0.013784461152882205,2.1377696377696376,0.026251708817497547,0.0018148820326678765,0.017857142857142856,0.0024630541871921183,1.5045045045045045,0.14039408866995073
187,2020-08-04,0.010350877192982456,3.3089200273410797,0.019940529289323817,0.0010252904989747095,0.013333333333333334,0.0013850415512465374,1.5033557046979866,0.10526315789473684
188,2020-08-05,0.009302325581395349,2.9072003577817527,0.017964915104208834,0.0008019246190858059,0.011764705882352941,0.001081665765278529,1.5029585798816567,0.09302325581395349
189,2020-08-06,0.00851063829787234,2.492857142857143,0.01649083515058551,0.0006578947368421052,0.010638297872340425,0.0008865248226950354,1.5026737967914439,0.08421985815602837
190,2020-08-07,0.008532024310425433,1.632501280081925,0.016567721441974267,0.0006863417982155113,0.010869565217391304,0.0009250693802035153,1.5027322404371584,0.08603145235892692
191,2020-08-08,0.008118811881188119,2.4540337841153215,0.01573895194397433,0.0005824111822947001,0.01,0.000784313725490196,1.5025125628140703,0.0792156862745098
192,2020-08-09,0.006597361055577769,2.8259872241579562,0.01286017579500213,0.0003933910306845004,0.00819672131147541,0.0005288207297726071,1.5020576131687242,0.06504494976203067
193,2020-08-10,0.005653612796469939,2.073683633223107,0.011070303753229455,0.00027208416470161435,0.006802721088435374,0.0003652300949598247,1.5017064846416381,0.05405405405405406
194,2020-08-11,0.0044974874371859295,2.4413821656010857,0.008736559894440044,0.00014925373134328358,0.005025125628140704,0.0002,1.5012594458438286,0.04
195,2020-08-12,0.002822099207641376,2.366431743359997,0.005261198408781849,5.394616173059287e-05,0.0030120481927710845,7.214486689272058e-05,1.5007541478129713,0.024024240675275955
196,2020-08-13,0.002292014386797997,2.8689679310533363,0.004207797851853909,3.5091413131206796e-05,0.0024271844660194173,4.690211528539937e-05,1.5006075334143378,0.01937057361286994
197,2020-08-14,0.0017728303442589156,1.9074280380636681,0.0031957102001647594,2.0538098172109262e-05,0.0018552875695732839,2.7434842249657064e-05,1.500464252553389,0.014814814814814815
198,2020-08-15,0.001424663281270485,2.358765786666274,0.0025468188677497676,1.3071724552620227e-05,0.0014792899408284023,1.745474856434693e-05,1.5003700962250186,0.011816864778062873
199,2020-08-16,0.0012427506213753107,1.829127821172114,0.002250639299927845,9.799022057598651e-06,0.0012804097311139564,1.3082070368456512e-05,1.5003203074951954,0.010230179028132993
200,2020-08-17,0.001112781954887218,1.373841699042206,0.0020469151727258296,7.827788649706458e-06,0.0011441647597254005,1.0448993239501375e-05,1.5002862049227246,0.009142869084563703
201,2020-08-18,0.0010520124242086077,0.596962469366031,0.0019495391632866931,6.959652574143499e-06,0.0010787486515641855,9.289536266349583e-06,1.5002698327037236,0.008620689655172414
202,2020-08-19,0.0010518310518310519,1.2025034997853226,0.001983485153633034,7.004845017803981e-06,0.0010822510822510823,9.349901358540667e-06,1.5002707092582566,0.008648658756650118
203,2020-08-20,0.0010407610320669399,1.8246173540792097,0.001980040159721289,6.885297823557358e-06,0.001072961373390558,9.1902473095551e-06,1.5002683843263553,0.008574500739814908
204,2020-08-21,0.0010254709382212987,1.173705906528731,0.0019695638042539314,6.754429216959021e-06,0.0010626992561105207,9.015466031977858e-06,1.5002658160552897,0.008492569002123142
205,2020-08-22,0.0010554758084944692,1.3508455718562273,0.0020320044390454606,7.221676584435843e-06,0.001098901098901099,9.63948332369385e-06,1.5002748763056624,0.008781569307885097
206,2020-08-23,0.0010314719969758855,1.4893380384713852,0.0019834239768295593,6.900073140775292e-06,0.0010741138560687433,9.209968870305219e-06,1.5002686727565824,0.008583690987124463
207,2020-08-24,0.0009883714744715031,2.556666153000544,0.001897765169176786,6.3703058808540455e-06,0.0010319917440660474,8.502497608672547e-06,1.5002581311306145,0.008247422680412371
208,2020-08-25,0.00098887036103463,2.379064054320834,0.0018965974600689173,6.449809730612947e-06,0.0010384215991692627,8.608667206143144e-06,1.5002597402597402,0.008298755186721992
209,2020-08-26,0.0009582207610429348,4.422692400634674,0.0018448031375149583,6.091024266640678e-06,0.0010090817356205853,8.12955254942768e-06,1.5002523977788995,0.008064516129032258
210,2020-08-27,0.0009844495825804237,4.748005964068801,0.0018968808473153584,6.463204974082548e-06,0.0010395010395010396,8.626564643162154e-06,1.500260010400416,0.008307381751365153
211,2020-08-28,0.0010214110214110215,3.7908258276879505,0.0019726018695460003,7.004845017803981e-06,0.0010822510822510823,9.349901358540667e-06,1.5002707092582566,0.008648658756650118
212,2020-08-29,0.0010578733838045526,3.6429880662403913,0.0020471027566315867,7.566299701131162e-06,0.0011248593925759281,1.0099734881959349e-05,1.5002813731007316,0.008988764044943821
213,2020-08-30,0.0011736828229374787,4.030698587514672,0.0022709040421876408,9.505251651537475e-06,0.0012610340479192938,1.2689630668299399e-05,1.5003154574132491,0.010075566750629723
214,2020-08-31,0.0013832184369631662,4.545869029262568,0.002683414980643082,1.3346086260204196e-05,0.0014947683109118087,1.7821341055914458e-05,1.50037397157816,0.011940298507462687
215,2020-09-01,0.0015097009765793795,4.825987579216302,0.0029339211099083484,1.6151174997981104e-05,0.001644736842105263,2.1570319240724762e-05,1.5004115226337449,0.01313632441760138
216,2020-09-02,0.001808383233532934,4.087812062382271,0.003503236352896787,2.385666913185581e-05,0.002,3.187250996015936e-05,1.5005005005005005,0.01596812749003984
217,2020-09-03,0.0018780408976161983,3.1129807657332167,0.0036355682460054313,2.6096033402922757e-05,0.0020920502092050207,3.486750348675035e-05,1.500523560209424,0.016701534170153416
218,2020-09-04,0.0019974994627752055,3.039816914877237,0.0038597434188740952,2.917408174577705e-05,0.0022123893805309734,3.89848348992242e-05,1.5005537098560355,0.017660130209348562
219,2020-09-05,0.0022887098836465924,3.6368249369521837,0.004401718193184786,3.816502557056713e-05,0.002531645569620253,5.1015202530354045e-05,1.5006337135614702,0.020202020202020204
220,2020-09-06,0.0023309091877780443,2.7618265985027155,0.0045030691889875255,3.975300135160205e-05,0.002583979328165375,5.3140610054203425e-05,1.500646830530401,0.020618556701030927
221,2020-09-07,0.002208678808494555,2.9123400966894386,0.0042826035136982465,3.5261759796892266e-05,0.0024330900243309003,4.712979545668772e-05,1.5006090133982948,0.019417475728155338
222,2020-09-08,0.002260275655357099,2.4390094350023666,0.004398511379899956,3.667033370003667e-05,0.0024813895781637717,4.901480247034604e-05,1.5006211180124223,0.019801980198019802
223,2020-09-09,0.0023760187871252935,2.3193208177037175,0.004619338242143508,4.122521334047904e-05,0.002631578947368421,5.511160099200882e-05,1.5006587615283267,0.02099751997795536
224,2020-09-10,0.0024184397163120566,3.3198759528692645,0.0046872361223753815,4.2327445115412834e-05,0.0026666666666666666,5.658669081032141e-05,1.500667556742323,0.02127659574468085
225,2020-09-11,0.0027556532088254143,2.516206723689346,0.0053041176486683704,5.4599060896152585e-05,0.0030303030303030303,7.301935012778386e-05,1.5007587253414265,0.024169404892296457
226,2020-09-12,0.0026197298403602127,1.7133197199278922,0.005054211011043813,4.884004884004884e-05,0.0028653295128939827,6.530612244897959e-05,1.5007173601147776,0.022857142857142857
227,2020-09-13,0.002521451151588138,1.3574012765858885,0.004845881985519329,4.491354143274197e-05,0.0027472527472527475,6.004924037710923e-05,1.500687757909216,0.02191797273764487
228,2020-09-14,0.0026457701381867207,1.4712414974729109,0.005063447390517806,5.026388539834129e-05,0.0029069767441860465,6.721333512568894e-05,1.5007278020378456,0.023188600618362684
229,2020-09-15,0.0027922731850224297,1.0881406923805514,0.005354741011215087,5.4599060896152585e-05,0.0030303030303030303,7.301935012778386e-05,1.5007587253414265,0.024169404892296457
230,2020-09-16,0.002857088254405076,0.9553191749951009,0.005490405723723155,5.698005698005698e-05,0.0030959752321981426,7.620789513793629e-05,1.5007751937984497,0.024691358024691357
231,2020-09-17,0.003030629853321829,0.9530031081410457,0.005834349159750983,6.428801028608164e-05,0.003289473684210526,8.599931200550395e-05,1.5008237232289952,0.026229790161678708
232,2020-09-18,0.0029457525152992428,0.9173336432705296,0.005690193437363688,6.183527083848628e-05,0.0032258064516129032,8.271298593879239e-05,1.5008077544426495,0.025723738626964435
233,2020-09-19,0.0030052674141586343,2.05105643552252,0.005820462840984387,6.513809275664408e-05,0.0033112582781456954,8.71383757406762e-05,1.5008291873963515,0.026402927849424888
234,2020-09-20,0.0033510743150009857,2.7309503844296112,0.006528335757726217,8.385041086701326e-05,0.0037593984962406013,0.00011222085063404781,1.5009416195856873,0.029962967119290765
235,2020-09-21,0.003233514271615199,1.8214609708496516,0.006319540948513096,7.735746886361879e-05,0.0036101083032490976,0.00010351431085347549,1.5009041591320071,0.02877697841726619
236,2020-09-22,0.0033702039405461457,1.8214030392123626,0.00658456456935291,8.576329331046312e-05,0.0038022813688212928,0.0001147842056932966,1.500952380952381,0.030303030303030304
237,2020-09-23,0.0032936996036627034,2.3092842589143516,0.006440183350659771,8.139787280225744e-05,0.003703703703703704,0.00010893246187363834,1.5009276437847867,0.02952069716775599
238,2020-09-24,0.0033479926230671015,2.4185195821127103,0.00654047574965206,8.448086508405846e-05,0.0037735849056603774,0.00011306461642828877,1.5009451795841209,0.03007518796992481
239,2020-09-25,0.0035255802188073103,2.1714911315703254,0.006864278950829346,9.410878976096367e-05,0.00398406374501992,0.00012597631645250694,1.5009980039920159,0.031746031746031744
240,2020-09-26,0.0036634325861492137,1.8213242459210088,0.007129795551722461,9.955201592832254e-05,0.004098360655737705,0.0001332800213248034,1.5010266940451746,0.03265360522457684
241,2020-09-27,0.003485730291618686,1.3270944667941558,0.0067712478380876975,9.263547938860583e-05,0.003952569169960474,0.000124000248000496,1.500990099009901,0.031496062992125984
242,2020-09-28,0.0041239462292093874,3.2321054009241865,0.007996007094577096,0.00013540961408259986,0.004784688995215311,0.00018140589569160998,1.501199040767386,0.0380952380952381
243,2020-09-29,0.004351984696317551,2.478991706999181,0.008397186266623493,0.00014207909069381957,0.004901960784313725,0.00019036740909956216,1.5012285012285012,0.03902531886541024
244,2020-09-30,0.0047884841363102235,1.9482592139324257,0.00919109960854707,0.0001743679163034002,0.005434782608695652,0.0002337540906965872,1.5013623978201636,0.04324450677886863
245,2020-10-01,0.0047660563789596044,2.3452446529984763,0.009144923838076496,0.00017250301880282904,0.005405405405405406,0.00023124060585038732,1.5013550135501355,0.043010752688172046
246,2020-10-02,0.004896114493754315,2.5083281336912626,0.009434918856803073,0.00018621973929236498,0.0056179775280898875,0.00024968789013732833,1.5014084507042254,0.04469413233458177
247,2020-10-03,0.00487012987012987,2.1146899568375876,0.00948701298701064,0.0001926040061633282,0.005714285714285714,0.00025826446280991736,1.501432664756447,0.045454545454545456
248,2020-10-04,0.00511135450894487,1.8848848328741339,0.009946800187767744,0.00021643460067816175,0.006060606060606061,0.00029031789809841774,1.5015197568389058,0.04819277108433735
249,2020-10-05,0.004902597402597402,1.554919755999719,0.00953018835469596,0.0001926040061633282,0.005714285714285714,0.00025826446280991736,1.501432664756447,0.045454545454545456
250,2020-10-06,0.0049261083743842365,2.1833005649812374,0.009553585112203186,0.0001948051948051948,0.005747126436781609,0.00026123301985370953,1.5014409221902016,0.045715778474399164
251,2020-10-07,0.004796308663711979,2.0274238495828674,0.009307305744115122,0.0001801477211313277,0.0055248618784530384,0.00024151672503320854,1.5013850415512466,0.04395604395604396
252,2020-10-08,0.004540355750227018,2.5799112230558374,0.008802005926025725,0.00015860428231562253,0.0051813471502590676,0.0002125624402168137,1.5012987012987014,0.041237113402061855
253,2020-10-09,0.004690226876090751,1.6774725082315063,0.009076375360200575,0.00016191709844559586,0.005235602094240838,0.00021701388888888888,1.5013123359580052,0.041666666666666664
254,2020-10-10,0.004924037710922957,0.7100961130372895,0.009486132287009397,0.0001781895937277263,0.005494505494505495,0.00023889154323936931,1.5013774104683195,0.043717152412804584
255,2020-10-11,0.004807145295255433,1.443111113585394,0.009239797460651903,0.00016886187098953058,0.0053475935828877,0.00022634676324128565,1.5013404825737264,0.0425531914893617
256,2020-10-12,0.004847238542890717,1.746766981599127,0.009344977388453348,0.0001743679163034002,0.005434782608695652,0.0002337540906965872,1.5013623978201636,0.04324450677886863
257,2020-10-13,0.005014917793436171,0.9957459023764225,0.009676477134750694,0.0001883120959136275,0.005649717514124294,0.0002524933720489837,1.501416430594901,0.0449438202247191
258,2020-10-14,0.005115939140256462,1.5267115264669395,0.009867316923325419,0.00019704433497536947,0.005780346820809248,0.0002642356982428326,1.5014492753623188,0.04597701149425287
259,2020-10-15,0.005563170200757881,0.7642168748972546,0.010777838928638057,0.0002388344877000239,0.006369426751592357,0.0003204614645088928,1.5015974440894568,0.05063291139240506
260,2020-10-16,0.006103811387568726,0.8931740547665864,0.011793612143178525,0.0002757859900717044,0.00684931506849315,0.00037023324694557573,1.5017182130584192,0.05442428730099963
261,2020-10-17,0.006412261495151705,1.2887208914187331,0.012416365952834817,0.00030832476875642344,0.007246376811594203,0.00041407867494824016,1.5018181818181817,0.05755693581780538
262,2020-10-18,0.006708304418228082,0.908168957701043,0.013005316391076676,0.0003417634996582365,0.007633587786259542,0.0004591368227731864,1.5019157088122606,0.06060606060606061
263,2020-10-19,0.006241404845022744,1.5480186130929838,0.012106729636546246,0.00031279324366593683,0.0072992700729927005,0.0004200798151648813,1.5018315018315018,0.057971014492753624
264,2020-10-20,0.006008076430611642,1.2227975933116062,0.011682325986178148,0.0002913752913752914,0.007042253521126761,0.0003912363067292645,1.5017667844522968,0.05594679186228482
265,2020-10-21,0.006115107913669065,1.8035362554112555,0.011909368063771077,0.00030395136778115504,0.007194244604316547,0.00040816326530612246,1.5018050541516246,0.05714285714285714
266,2020-10-22,0.005837470123184409,1.337577724255356,0.011386486920794322,0.00027208416470161435,0.006802721088435374,0.0003652300949598247,1.5017064846416381,0.05405405405405406
267,2020-10-23,0.005512003919647231,2.3063694267515924,0.010750600347205699,0.00024187696525034265,0.00641025641025641,0.0003245699448231094,1.5016077170418007,0.050957481337228175
268,2020-10-24,0.004879301489470981,1.9603684952837488,0.009541712283405501,0.00019043991620643687,0.005681818181818182,0.0002553626149131767,1.5014245014245013,0.04519918283963228
269,2020-10-25,0.004693366708385482,1.7713240881458965,0.00918141478500803,0.00016886187098953058,0.0053475935828877,0.00022634676324128565,1.5013404825737264,0.0425531914893617
270,2020-10-26,0.003908730158730158,2.676941129495051,0.007643723309970525,0.00011799410029498526,0.004464285714285714,0.00015802781289506955,1.5011185682326622,0.035556257901390644
271,2020-10-27,0.0035788314548516648,3.7395391020786226,0.006995724834826607,9.63855421686747e-05,0.004032258064516129,0.00012903225806451613,1.501010101010101,0.032129032258064516
272,2020-10-28,0.0032103349578401796,3.9215087967142828,0.00628122971243544,7.680491551459293e-05,0.0035971223021582736,0.00010277492291880781,1.500900900900901,0.028674203494347378
273,2020-10-29,0.003145126932812069,3.468153450822075,0.006156513209867977,7.465286418155577e-05,0.0035460992907801418,9.989012086704625e-05,1.5008880994671403,0.02826890420537409
274,2020-10-30,0.003082283570088448,3.0773616619477577,0.006040378208499858,7.259001161440186e-05,0.0034965034965034965,9.712509712509713e-05,1.500875656742557,0.027874902874902876
275,2020-10-31,0.0029542920847268673,3.7603043998001704,0.005789444900195815,6.64451827242525e-05,0.0033444816053511705,8.888888888888889e-05,1.5008375209380234,0.02666666666666667
276,2020-11-01,0.0028330319469559977,2.5752540219195565,0.005552598691566807,5.989697719921735e-05,0.0031746031746031746,8.01153661272232e-05,1.5007949125596185,0.02531645569620253
277,2020-11-02,0.0029506261884466593,2.246282137929687,0.005781648805056561,6.513809275664408e-05,0.0033112582781456954,8.71383757406762e-05,1.5008291873963515,0.026402927849424888
278,2020-11-03,0.003029880894337257,1.771223478568917,0.005942473494037343,6.918021445866483e-05,0.0034129692832764505,9.255402841408673e-05,1.5008547008547009,0.027210884353741496
279,2020-11-04,0.0030100334448160534,1.3428978509562015,0.005892150790700762,6.64451827242525e-05,0.0033444816053511705,8.888888888888889e-05,1.5008375209380234,0.02666666666666667
280,2020-11-05,0.002832943925233645,1.330220027699458,0.005538125863122588,5.804841237592152e-05,0.003125,7.763975155279503e-05,1.5007824726134584,0.024922360248447205
281,2020-11-06,0.0027390528882903216,1.3748253169399933,0.005346868498977525,5.4271138608488005e-05,0.0030211480362537764,7.257947452460444e-05,1.5007564296520424,0.024096385542168676
282,2020-11-07,0.0027572525752557055,2.024686404319541,0.005377466913510647,5.4271138608488005e-05,0.0030211480362537764,7.257947452460444e-05,1.5007564296520424,0.024096385542168676
283,2020-11-08,0.0027200791295746785,2.358778580357522,0.00530232493591536,5.2675012729794743e-05,0.002976190476190476,7.044237813468582e-05,1.5007451564828613,0.023739081431389124
284,2020-11-09,0.0024385026737967913,3.6031127537092784,0.004758295024537975,4.2553191489361704e-05,0.00267379679144385,5.688929343497554e-05,1.500669344042838,0.021333485038115826
285,2020-11-10,0.002219452851462821,3.4781791560933515,0.004340703054165999,3.543334986889661e-05,0.0024390243902439024,4.735969689793985e-05,1.5006105006105006,0.01946483542505328
286,2020-11-11,0.0020406106716380308,3.3444926647721287,0.004002495634817599,3.0096006259969303e-05,0.0022471910112359553,4.0217981459510544e-05,1.500562429696288,0.017937219730941704
287,2020-11-12,0.0018856902313514256,2.971716684718757,0.003704405147957991,2.5666033571171912e-05,0.002074688796680498,3.429237680463633e-05,1.5005192107995846,0.016563217996639346
288,2020-11-13,0.0017006802721088435,2.8871987924601448,0.0033480548631930423,2.0538098172109262e-05,0.0018552875695732839,2.7434842249657064e-05,1.500464252553389,0.014814814814814815
289,2020-11-14,0.0015703044420493921,1.7383246354144397,0.0030852673109929957,1.7324417033366826e-05,0.0017035775127768314,2.313850710352168e-05,1.5004262574595055,0.013605442176870748
290,2020-11-15,0.0014531422378390463,1.725319402805381,0.0028496832681180386,1.4534672461156089e-05,0.0015600624024961,1.940974951718248e-05,1.500390320062451,0.012461059190031152
291,2020-11-16,0.0013217279174725983,1.228363695523342,0.002587261758762221,1.2054728467241275e-05,0.0014204545454545455,1.6095802214782386e-05,1.500355366027008,0.01134754056142158
292,2020-11-17,0.0011860067169801682,1.9390343787826703,0.0023164543808698373,9.553288241812832e-06,0.0012642225031605564,1.2753800632588511e-05,1.5003162555344718,0.010101010101010102
293,2020-11-18,0.0011348869192263538,3.1880687234788665,0.002208477627965635,8.720043018878893e-06,0.0012077294685990338,1.1640765962400325e-05,1.5003021148036253,0.00965019498282987
294,2020-11-19,0.0011029421764544285,3.6677210639181164,0.002144779249133137,8.140869607691493e-06,0.0011668611435239206,1.0867143734276601e-05,1.5002918855808522,0.009324009324009324
295,2020-11-20,0.0010506844247132816,4.139218743016329,0.0020330812514747915,7.3827799119480445e-06,0.0011111111111111111,9.854644000985464e-06,1.500277932184547,0.008879034244887904
296,2020-11-21,0.0009942067068170394,5.379306424225818,0.0019173076987362577,6.599483920357428e-06,0.0010504201680672268,8.808554868488276e-06,1.5002627430373094,0.008394552789669326
297,2020-11-22,0.0008885690236881008,3.849054594784633,0.001711668846539407,5.294927459493805e-06,0.0009407337723424271,7.066538526768048e-06,1.5002352941176471,0.007518796992481203
298,2020-11-23,0.0008367713213528192,5.413509821347832,0.00161664953088587,4.65347148973134e-06,0.0008818342151675485,6.210100106813722e-06,1.5002205558006176,0.007048463621233575
299,2020-11-24,0.0008216871577549623,5.763402207426511,0.0015869216380498706,4.478260285444311e-06,0.0008650519031141869,5.9761789507025e-06,1.5002163565556037,0.006914439045962792
300,2020-11-25,0.0007954696775369174,4.544240743416306,0.0015356428737735512,4.198094065294356e-06,0.0008375209380234506,5.602146742631776e-06,1.5002094679514035,0.006694565357444973
301,2020-11-26,0.0007655765634954928,5.221746151813458,0.001474257218613118,3.88649869219319e-06,0.0008058017727639,5.186170557591128e-06,1.5002015316404675,0.00644122383252818
302,2020-11-27,0.000753614849652274,5.281372560179527,0.0014500680629598514,3.746511061573909e-06,0.0007911392405063291,4.999300097986282e-06,1.5001978630787496,0.006324114623952647
303,2020-11-28,0.0007181221791120213,5.570697519346145,0.0013838661087625765,3.4253379095847804e-06,0.0007564296520423601,4.570571915663807e-06,1.5001891789632993,0.006046866644423217
304,2020-11-29,0.0006896916765912399,5.845078091814176,0.001333577068030623,3.1712473572938687e-06,0.000727802037845706,4.23140719677736e-06,1.5001820167455406,0.0058181848955688705
305,2020-11-30,0.000644248958117814,4.915005864162663,0.0012416881696275532,2.7672009209244665e-06,0.0006798096532970768,3.69210775047259e-06,1.5001700102006121,0.005434782608695652
306,2020-12-01,0.000624674828279133,3.2651052092809683,0.0012025228193728876,2.5850347170162493e-06,0.000657030223390276,3.4489775506051233e-06,1.5001643115346697,0.0052527928095716025
307,2020-12-02,0.0005908754140720194,4.488338083780416,0.0011367665032994518,2.2933097275318714e-06,0.0006188118811881188,3.0596384731180163e-06,1.5001547508511297,0.004947435411031833
308,2020-12-03,0.0005646920333760344,5.419590845268327,0.0010872563450454779,2.0749040356883495e-06,0.0005885815185403178,2.768166089965398e-06,1.5001471886959081,0.004705882352941176
309,2020-12-04,0.0005477844837131241,4.3633239998283155,0.0010532474964375115,1.940289530003667e-06,0.0005691519635742744,2.588524295241904e-06,1.5001423284941646,0.004550625711035267
310,2020-12-05,0.0005304206513662259,4.084772142024806,0.0010183728825851651,1.8103807230660609e-06,0.0005497526113249038,2.4151672503320854e-06,1.50013747594171,0.004395604395604396
311,2020-12-06,0.0005347321870209754,4.244988867284449,0.0010212136968391233,1.8344853901583527e-06,0.0005534034311012728,2.447333385543112e-06,1.5001383891502906,0.004424778761061947
312,2020-12-07,0.0005482219645468107,4.344703346430748,0.0010445482520210297,1.9293026342698168e-06,0.0005675368898978433,2.5738634462487225e-06,1.500141924496168,0.004537721255736499
313,2020-12-08,0.0005120679391862085,4.121805866599268,0.0009724404852439977,1.6734805215234697e-06,0.0005285412262156448,2.232486699960485e-06,1.500132170235263,0.0042260973230251984
314,2020-12-09,0.00047925766047483896,4.067258009870818,0.000906127623507476,1.4552757383705277e-06,0.0004928536224741252,1.9413234972942804e-06,1.5001232437761893,0.003940886699507389
315,2020-12-10,0.000485549121427639,4.65057043032964,0.0009118456967335913,1.4932728060089298e-06,0.0004992511233150275,1.9920239361596167e-06,1.5001248439450687,0.003992015968063872
316,2020-12-11,0.0004779103754246152,4.134491441683995,0.0008955780923609742,1.4438758247539034e-06,0.0004909180166912126,1.926112402141452e-06,1.5001227596366316,0.003925417075564278
317,2020-12-12,0.00045241467183794,4.239441812891945,0.0008444952573216579,1.290186070635107e-06,0.0004640371229698376,1.7210459829065714e-06,1.5001160362032955,0.0037105751391465678
318,2020-12-13,0.00041852340091711214,4.958465888299152,0.0007799645718793695,1.1018834493800253e-06,0.0004288164665523156,1.4698079401964546e-06,1.5001072271070126,0.0034290619244783283
319,2020-12-14,0.0003944202657991486,5.209713823461781,0.0007325297141204084,9.77516151010605e-07,0.0004038772213247173,1.3038812633566337e-06,1.5001009896990507,0.0032297138893343817
320,2020-12-15,0.00039550392451487585,5.217171442332931,0.0007316064702740065,9.83859780304111e-07,0.0004051863857374392,1.3123445691900866e-06,1.5001013171225936,0.0032401787413303238
321,2020-12-16,0.0004192068805354615,5.45668541284111,0.0007728775432734753,1.1075718038800455e-06,0.0004299226139294927,1.477397298726779e-06,1.5001075037626317,0.0034379035141372145
322,2020-12-17,0.0004017122583299054,4.366724056990462,0.0007401259527773097,1.0140177818158219e-06,0.00041135335252982314,1.3525796398891967e-06,1.5001028594939312,0.003289473684210526
323,2020-12-18,0.0003925850557995944,4.0992451413718705,0.0007228041564092542,9.65786062934483e-07,0.0004014452027298274,1.2882314900458354e-06,1.5001003814495082,0.0032102728731942215
324,2020-12-19,0.0003952490671438306,3.7276785976028752,0.0007280742639457487,9.759398300563443e-07,0.0004035512510088781,1.301778229060897e-06,1.5001009081735621,0.0032271082298419643
325,2020-12-20,0.000417393669505233,3.256522967419304,0.0007688749882761701,1.0841565695551488e-06,0.0004253509145044662,1.446156693970105e-06,1.500106360348862,0.003401360544217687
326,2020-12-21,0.00039267544888677225,2.5928591207091825,0.0007328680041697556,9.54265854650042e-07,0.0003990422984836393,1.2728621961200614e-06,1.5000997804829375,0.003191065525672994
327,2020-12-22,0.0003767081235637729,4.377747323823388,0.0007036286964004824,8.764149719722492e-07,0.0003824091778202677,1.168999990648e-06,1.5000956205775482,0.0030581039755351682
328,2020-12-23,0.00036344206760564906,2.8633375841730655,0.0006792284115487326,8.130773187745516e-07,0.00036832412523020257,1.0845022460041516e-06,1.5000920979922638,0.0029455081001472753
329,2020-12-24,0.0003657011588455873,2.430626949648031,0.0006838048527985515,8.233502120126796e-07,0.00037064492216456633,1.0982071767839003e-06,1.5000926784059314,0.002964061170139747
330,2020-12-25,0.0003397357542406006,2.5972013579556137,0.0006374599936621341,7.097604842269927e-07,0.00034411562284927734,9.466729651974618e-07,1.5000860437102048,0.0027519783098290214
331,2020-12-26,0.000337662015085361,2.649468059423472,0.0006336217798521839,7.024933596815176e-07,0.00034234851078397807,9.369783665749833e-07,1.500085601780517,0.0027378507871321013
332,2020-12-27,0.00033129561220616776,1.6326577903831887,0.0006210295016987868,6.74513052164816e-07,0.0003354579000335458,8.996523293573199e-07,1.5000838785438684,0.0026827632461435278
333,2020-12-28,0.00035467803288438427,2.132162703244558,0.0006637217108621891,7.738500588126045e-07,0.00035932446999640676,1.032170696261065e-06,1.5000898472596587,0.0028735632183908046
334,2020-12-29,0.00040084181773527867,2.399971979333252,0.0007554239773783999,9.975467001487675e-07,0.0004079967360261118,1.3306047066149683e-06,1.5001020199959192,0.0032626427406199023
335,2020-12-30,0.0004271669829034264,3.2754147335474038,0.0008126181809104493,1.1406536173358057e-06,0.0004363001745200698,1.5215350462774885e-06,1.5001090988435524,0.003488879861114281
336,2020-12-31,0.00042319172806711333,2.9878992958945623,0.0008147994336027258,1.1190814579393233e-06,0.000432152117545376,1.4927534284814368e-06,1.500108061378863,0.0034557241869345263
337,2021-01-01,0.0004889099801111118,3.1360236119342013,0.0009455865174716468,1.5097978330374969e-06,0.000502008032128514,2.0140743515687624e-06,1.5001255335174493,0.004014050182676544
338,2021-01-02,0.0005188189256492351,3.9689064566257355,0.0010012858737935679,1.7057569296375267e-06,0.0005336179295624333,2.2755562028248754e-06,1.5001334400854016,0.004266667880296641
339,2021-01-03,0.0005407489666234808,3.305132771171832,0.0010331535687265127,1.8487694282557292e-06,0.0005555555555555556,2.4663953631767174e-06,1.5001389274798556,0.004441978049081268
340,2021-01-04,0.0006010029331062542,3.429339589608725,0.0011230376942744096,2.268000553392135e-06,0.0006153846153846154,3.025860516907752e-06,1.5001538935056942,0.004920049200492005
341,2021-01-05,0.0005777191466132921,1.9221485494655013,0.0010820303894874225,2.097042750313508e-06,0.000591715976331361,2.797711472015891e-06,1.5001479727730098,0.004730930099178872
342,2021-01-06,0.0005793918145946194,3.683524896189032,0.0010830339378166574,2.1094954719679694e-06,0.0005934718100890207,2.8143288740292326e-06,1.500148411991689,0.004744958481613286
343,2021-01-07,0.0006492736251318837,2.2622432111240167,0.0012033023656181031,2.6720083081644994e-06,0.0006680026720106881,3.5650560337682106e-06,1.5001670564650853,0.0053404539385847796
344,2021-01-08,0.0006635536758737642,2.3440117335453867,0.001232076805019575,2.782296433281459e-06,0.0006816632583503749,3.7122556407724462e-06,1.5001704739174906,0.005449591280653951
345,2021-01-09,0.0007167815040982268,3.4149862692637294,0.0013352626923996717,3.260706529890897e-06,0.0007380073800738007,4.3508149076322e-06,1.5001845699520118,0.0058997050147492625
346,2021-01-10,0.0008108884730486463,3.7717021467130283,0.0015015861812128827,4.198094065294356e-06,0.0008375209380234506,5.602146742631776e-06,1.5002094679514035,0.006694565357444973
347,2021-01-11,0.0008603670265525426,3.0394545663732813,0.0015913057879639303,4.744958481613286e-06,0.0008904719501335708,6.332239966565773e-06,1.5002227171492204,0.0071174377224199285
348,2021-01-12,0.000883075448491734,3.1288817766656885,0.001638049965251446,5.017804844188797e-06,0.0009157509157509158,6.696533204759896e-06,1.500229042601924,0.0073193107928025665
349,2021-01-13,0.0009179466267953423,3.6287336646774007,0.001705239793537306,5.426662277099847e-06,0.0009523809523809524,7.2424407025167485e-06,1.5002382086707957,0.007611805178345103
350,2021-01-14,0.0009255154067834183,2.799749803912635,0.001723366427551147,5.531371171599728e-06,0.0009615384615384616,7.3822530636350216e-06,1.5002405002405002,0.007684925439244057
351,2021-01-15,0.000976631714994476,3.7129668334729664,0.0018215547649577599,6.241028521500343e-06,0.0010214504596527069,8.329862557267805e-06,1.5002554931016863,0.00816326530612245
352,2021-01-16,0.0009805443227008071,3.049148578732901,0.001836944875468066,6.279395419808981e-06,0.0010245901639344263,8.381105635455429e-06,1.5002562788313685,0.008188340205839955
353,2021-01-17,0.0009972251127297954,4.730035983570135,0.0018731549450126425,6.49012095422085e-06,0.0010416666666666667,8.662508662508662e-06,1.5002605523710266,0.008324670824670824
354,2021-01-18,0.0010094637223974764,4.637568906992822,0.0018976707708095548,6.627256580865785e-06,0.0010526315789473684,8.84564352056612e-06,1.5002632964718272,0.008412206988058382
355,2021-01-19,0.0010320471659564531,4.881998465913456,0.0019367141836143585,6.989732083569236e-06,0.001081081081081081,9.329707187139931e-06,1.5002704164413196,0.008639308855291577
356,2021-01-20,0.0010506507762270661,5.528905645060917,0.0019740364792521746,7.221676584435843e-06,0.001098901098901099,9.63948332369385e-06,1.5002748763056624,0.008781569307885097
357,2021-01-21,0.0011793465591912352,6.112488772383359,0.002222018299187159,9.17891541935405e-06,0.0012391573729863693,1.225370061758651e-05,1.500309981401116,0.009900990099009901
358,2021-01-22,0.0012149156272206595,5.496449149124796,0.002290951978060633,9.799022057598651e-06,0.0012804097311139564,1.3082070368456512e-05,1.5003203074951954,0.010230179028132993
359,2021-01-23,0.0012486971238686907,4.066062331190328,0.002354783747444473,1.0292795729175958e-05,0.0013123359580052493,1.374173778015968e-05,1.500328299409061,0.010484945926261835
360,2021-01-24,0.001282409406028594,4.530205889858898,0.0024261613047855375,1.0853992098293753e-05,0.0013477088948787063,1.4491493493319421e-05,1.5003371544167228,0.010767179665536331
361,2021-01-25,0.0012911697122223438,3.556943300475381,0.0024538622888041965,1.0912622630596811e-05,0.0013513513513513514,1.4569825890580608e-05,1.500338066260987,0.01079624098492023
362,2021-01-26,0.0012524381480340826,1.8387863414557641,0.002390210177655958,1.0239082578200993e-05,0.0013089005235602095,1.3669979358331168e-05,1.5003274394237067,0.010457534209123345
363,2021-01-27,0.0012923278862603976,2.731752728197391,0.0024695220578130938,1.1031317911550893e-05,0.001358695652173913,1.4728408153646753e-05,1.5003399048266486,0.010854836809237657
364,2021-01-28,0.0011714906280749753,1.8825618911096247,0.002235976990567649,8.977923286638157e-06,0.0012254901960784314,1.1985234191476102e-05,1.5003065603923973,0.009791936334435975
365,2021-01-29,0.0012945055025651744,3.1017061794860528,0.002469155829250622,1.097172951029514e-05,0.0013550135501355014,1.4648795136600015e-05,1.5003389830508476,0.010825459605947411
366,2021-01-30,0.0015607387496748462,2.9757962998913423,0.002974772497627778,1.620430386310604e-05,0.0016474464579901153,2.1641274238227147e-05,1.5004122011541632,0.013157894736842105
367,2021-01-31,0.0018842315369261477,2.254721202075913,0.003592036266437231,2.385666913185581e-05,0.002,3.187250996015936e-05,1.5005005005005005,0.01596812749003984
